date,open,close,high,low,volume
2022-01-04,5991.91,5958.74,5995.15,5920.41,933667559.0
2022-01-05,5949.01,5868.58,5949.79,5843.88,954864823.0
2022-01-06,5837.8,5855.53,5868.57,5801.15,838870344.0
2022-01-07,5860.04,5811.61,5878.78,5808.18,943757518.0
2022-01-10,5798.81,5839.64,5841.27,5764.16,777098055.0
2022-01-11,5837.21,5787.49,5852.9,5778.36,790310158.0
2022-01-12,5812.1,5857.31,5859.0,5805.59,769140379.0
2022-01-13,5864.0,5768.85,5864.0,5768.85,823412152.0
2022-01-14,5743.46,5746.23,5783.96,5729.45,840018640.0
2022-01-17,5751.11,5814.11,5819.22,5751.11,778404719.0
2022-01-18,5815.2,5823.33,5846.64,5790.12,885440685.0
2022-01-19,5814.07,5784.12,5830.4,5752.13,777871623.0
2022-01-20,5782.51,5756.52,5811.04,5743.34,851803124.0
2022-01-21,5739.66,5695.02,5747.83,5683.36,726789476.0
2022-01-24,5664.63,5704.39,5722.18,5658.36,621328354.0
2022-01-25,5679.38,5531.88,5702.41,5531.88,734181674.0
2022-01-26,5550.52,5568.44,5586.75,5496.69,587445224.0
2022-01-27,5566.47,5433.24,5566.49,5431.03,614173875.0
2022-01-28,5465.54,5405.91,5487.54,5369.54,610310234.0
2022-02-07,5487.31,5484.44,5510.31,5467.43,656817059.0
2022-02-08,5479.06,5490.48,5490.48,5384.37,722616640.0
2022-02-09,5489.8,5560.69,5565.88,5478.02,739862788.0
2022-02-10,5563.55,5544.29,5563.55,5507.66,722716736.0
2022-02-11,5519.02,5471.57,5547.81,5464.77,756235885.0
2022-02-14,5444.06,5432.64,5484.96,5407.86,670379393.0
2022-02-15,5437.42,5490.89,5492.17,5430.28,614219442.0
2022-02-16,5514.1,5522.11,5536.65,5504.52,616398396.0
2022-02-17,5517.35,5532.49,5560.57,5503.83,685507838.0
2022-02-18,5501.87,5564.38,5564.38,5494.22,646133384.0
2022-02-21,5564.92,5582.13,5583.63,5547.24,709699988.0
2022-02-22,5549.05,5518.63,5549.05,5489.06,742762175.0
2022-02-23,5526.42,5601.32,5602.88,5526.42,741858103.0
2022-02-24,5570.01,5483.35,5602.63,5422.1,1062518804.0
2022-02-25,5524.35,5536.75,5585.57,5522.65,775362627.0
2022-02-28,5534.01,5554.68,5554.68,5482.73,707438452.0
2022-03-01,5569.87,5588.58,5590.44,5549.6,685644962.0
2022-03-02,5562.61,5564.6,5568.55,5533.54,692720296.0
2022-03-03,5584.65,5532.53,5589.59,5523.15,821421250.0
2022-03-04,5494.48,5464.87,5526.99,5447.38,798097168.0
2022-03-07,5439.3,5323.15,5439.3,5301.9,781533428.0
2022-03-08,5327.08,5184.96,5345.53,5167.43,853578759.0
2022-03-09,5199.58,5128.01,5226.0,4929.48,935447498.0
2022-03-10,5239.95,5220.5,5269.56,5212.75,794030802.0
2022-03-11,5150.42,5248.11,5256.95,5089.84,788702203.0
2022-03-14,5192.77,5098.41,5228.66,5098.41,712834127.0
2022-03-15,5048.02,4854.05,5082.18,4854.05,911004658.0
2022-03-16,4937.3,5040.99,5053.29,4781.18,903320303.0
2022-03-17,5120.19,5135.63,5216.43,5114.87,905741306.0
2022-03-18,5114.19,5179.14,5192.51,5100.37,780558355.0
2022-03-21,5191.78,5200.6,5224.9,5146.63,785317879.0
2022-03-22,5191.43,5191.67,5227.54,5165.14,781411961.0
2022-03-23,5204.62,5216.87,5231.1,5180.45,759874355.0
2022-03-24,5187.79,5174.91,5206.13,5140.47,730382141.0
2022-03-25,5174.86,5103.07,5189.18,5103.07,739222088.0
2022-03-28,5059.57,5078.44,5114.21,5010.79,731305336.0
2022-03-29,5087.03,5053.11,5107.96,5038.33,705834955.0
2022-03-30,5078.31,5174.75,5174.75,5073.24,776771764.0
2022-03-31,5156.34,5134.62,5168.54,5125.39,852806198.0
2022-04-01,5104.16,5170.98,5184.53,5089.99,809980870.0
2022-04-06,5158.4,5167.55,5173.29,5129.42,876397675.0
2022-04-07,5140.59,5076.52,5174.32,5076.52,842754628.0
2022-04-08,5080.6,5078.0,5092.92,5010.57,835627048.0
2022-04-11,5050.73,4916.17,5050.73,4897.39,846830651.0
2022-04-12,4913.12,5001.97,5001.97,4877.75,828774475.0
2022-04-13,4973.61,4933.02,5001.72,4933.02,788366754.0
2022-04-14,4963.6,4993.45,5019.95,4949.74,739675871.0
2022-04-15,4962.51,4957.72,4992.19,4932.31,805085317.0
2022-04-18,4918.66,4957.23,4966.26,4880.26,674613674.0
2022-04-19,4952.61,4947.55,4983.93,4919.21,659617002.0
2022-04-20,4943.37,4867.24,4947.78,4852.29,719951788.0
2022-04-21,4843.09,4731.33,4876.56,4714.19,768201263.0
2022-04-22,4698.66,4718.91,4757.89,4661.57,666738271.0
2022-04-25,4630.78,4432.89,4638.22,4432.89,840489526.0
2022-04-26,4436.79,4351.27,4486.28,4339.93,791036706.0
2022-04-27,4308.27,4503.95,4504.05,4302.04,848066912.0
2022-04-28,4481.14,4501.36,4542.1,4443.87,738806185.0
2022-04-29,4527.35,4647.02,4652.18,4507.1,838235003.0
2022-05-05,4630.04,4676.85,4710.21,4625.25,754621608.0
2022-05-06,4574.78,4580.55,4624.35,4562.29,680092613.0
2022-05-09,4561.46,4587.44,4613.52,4558.01,598051763.0
2022-05-10,4523.88,4651.72,4660.57,4511.91,744922559.0
2022-05-11,4654.46,4703.87,4789.69,4654.14,888588698.0
2022-05-12,4675.52,4704.52,4731.14,4664.64,712278430.0
2022-05-13,4728.49,4739.19,4748.38,4694.11,683925994.0
2022-05-16,4770.44,4721.8,4777.76,4707.39,712531696.0
2022-05-17,4723.76,4759.94,4759.94,4692.29,678705546.0
2022-05-18,4765.85,4755.46,4790.87,4733.13,674173624.0
2022-05-19,4687.86,4778.54,4778.54,4680.55,712446334.0
2022-05-20,4799.51,4857.26,4857.26,4799.23,773426659.0
2022-05-23,4865.21,4868.52,4870.95,4829.19,732330046.0
2022-05-24,4868.05,4714.13,4868.55,4714.13,859030682.0
2022-05-25,4712.5,4769.14,4769.14,4709.36,675719270.0
2022-05-26,4774.83,4792.16,4813.69,4710.48,729527610.0
2022-05-27,4817.25,4795.29,4844.41,4764.75,715295059.0
2022-05-30,4815.59,4834.67,4835.75,4783.98,684661166.0
2022-05-31,4836.51,4901.99,4906.51,4812.55,753015655.0
2022-06-01,4892.17,4904.74,4918.39,4868.82,730704910.0
2022-06-02,4884.42,4931.21,4933.79,4874.89,718217539.0
2022-06-06,4933.52,5027.55,5028.09,4916.82,830170287.0
2022-06-07,5028.56,5031.34,5051.86,4995.87,807062986.0
2022-06-08,5035.19,5061.66,5067.77,4977.35,860494205.0
2022-06-09,5051.56,4994.07,5058.6,4971.55,810084470.0
2022-06-10,4959.29,5079.69,5082.47,4955.86,837161767.0
2022-06-13,5035.78,5058.04,5080.17,5012.41,860745728.0
2022-06-14,5004.79,5084.09,5084.63,4932.69,893651762.0
2022-06-15,5089.5,5111.96,5197.95,5088.85,1060846473.0
2022-06-16,5113.86,5107.8,5155.43,5090.25,879587260.0
2022-06-17,5072.72,5165.79,5174.39,5069.52,817702762.0
2022-06-20,5179.4,5200.68,5232.48,5158.05,848367633.0
2022-06-21,5198.45,5177.68,5219.39,5129.06,845775637.0
2022-06-22,5182.59,5111.06,5184.72,5109.68,778009941.0
2022-06-23,5117.21,5208.37,5208.37,5092.54,837160834.0
2022-06-24,5220.58,5269.81,5276.1,5214.47,851562226.0
2022-06-27,5294.53,5322.66,5346.38,5294.53,888011146.0
2022-06-28,5321.71,5386.11,5391.14,5294.06,907668443.0
2022-06-29,5368.68,5281.53,5391.47,5277.44,978238875.0
2022-06-30,5282.56,5350.83,5381.36,5282.56,846438762.0
2022-07-01,5353.51,5336.14,5366.63,5318.91,769018789.0
2022-07-04,5323.0,5381.56,5381.56,5294.16,782069830.0
2022-07-05,5389.88,5364.21,5409.85,5302.91,865206607.0
2022-07-06,5346.8,5293.9,5356.35,5252.39,794343125.0
2022-07-07,5293.82,5329.09,5343.8,5260.18,751059626.0
2022-07-08,5352.48,5308.52,5365.16,5304.67,748181961.0
2022-07-11,5286.86,5231.29,5286.86,5196.42,752476795.0
2022-07-12,5229.49,5167.81,5246.12,5160.39,740457865.0
2022-07-13,5167.47,5194.87,5213.59,5142.03,740593693.0
2022-07-14,5183.87,5215.73,5247.3,5173.26,784992876.0
2022-07-15,5191.48,5133.32,5235.0,5133.32,839265774.0
2022-07-18,5147.47,5210.42,5212.78,5122.49,782346362.0
2022-07-19,5211.38,5214.09,5228.07,5175.0,764856955.0
2022-07-20,5233.87,5252.89,5261.85,5224.89,724723055.0
2022-07-21,5240.77,5206.88,5254.25,5206.88,777843314.0
2022-07-22,5218.38,5194.89,5243.94,5153.5,722717079.0
2022-07-25,5194.35,5151.87,5202.17,5138.79,664461938.0
2022-07-26,5157.34,5201.61,5209.5,5135.99,641352942.0
2022-07-27,5191.69,5209.35,5218.05,5180.05,645921898.0
2022-07-28,5232.51,5224.38,5264.28,5215.62,746969689.0
2022-07-29,5227.14,5174.98,5241.99,5165.51,745292286.0
2022-08-01,5165.96,5206.5,5209.77,5133.08,704284710.0
2022-08-02,5152.06,5069.12,5152.06,5019.72,934408077.0
2022-08-03,5075.83,5026.75,5134.52,5013.99,803534809.0
2022-08-04,5054.1,5069.67,5076.67,5007.78,646674118.0
2022-08-05,5080.5,5142.27,5145.28,5068.82,686962218.0
2022-08-08,5130.08,5169.24,5169.58,5121.99,638500892.0
2022-08-09,5164.13,5184.38,5185.38,5148.4,643179743.0
2022-08-10,5173.95,5158.4,5193.82,5136.08,646165044.0
2022-08-11,5181.76,5245.26,5245.26,5169.13,748204866.0
2022-08-12,5237.29,5228.89,5256.13,5227.66,746195185.0
2022-08-15,5217.93,5241.73,5256.76,5211.51,702342556.0
2022-08-16,5247.28,5254.11,5278.88,5240.06,745623184.0
2022-08-17,5260.19,5284.56,5290.78,5229.2,792336980.0
2022-08-18,5272.48,5265.72,5274.56,5251.36,757608270.0
2022-08-19,5263.43,5209.72,5275.37,5209.72,806747246.0
2022-08-22,5194.07,5250.74,5250.74,5184.04,733651164.0
2022-08-23,5241.73,5245.85,5255.9,5225.29,724933782.0
2022-08-24,5252.4,5110.53,5254.58,5105.11,850951335.0
2022-08-25,5125.53,5127.57,5133.74,5056.48,748863395.0
2022-08-26,5138.31,5109.44,5168.26,5101.83,684537215.0
2022-08-29,5047.31,5112.72,5112.72,5039.17,645750637.0
2022-08-30,5112.1,5089.1,5116.32,5064.03,657464500.0
2022-08-31,5069.64,5017.15,5082.53,4993.43,753374776.0
2022-09-01,5009.88,4983.7,5043.93,4976.97,622097613.0
2022-09-02,4994.63,4994.81,5011.35,4972.08,580417114.0
2022-09-05,4986.3,4999.18,5004.05,4963.14,604601039.0
2022-09-06,5011.51,5066.94,5066.94,4996.97,679261641.0
2022-09-07,5047.23,5080.88,5094.79,5040.6,677044545.0
2022-09-08,5083.59,5048.68,5088.09,5045.39,636910336.0
2022-09-09,5058.8,5087.47,5091.76,5043.48,623355279.0
2022-09-13,5106.02,5097.08,5114.82,5083.59,604672210.0
2022-09-14,5027.34,5044.05,5066.5,5015.41,568112608.0
2022-09-15,5063.38,4951.87,5067.44,4907.51,722476796.0
2022-09-16,4936.67,4836.37,4940.48,4836.37,668537734.0
2022-09-19,4830.28,4808.79,4853.66,4784.84,541063485.0
2022-09-20,4834.29,4842.25,4870.46,4826.78,508613696.0
2022-09-21,4827.93,4828.52,4849.15,4779.09,532955370.0
2022-09-22,4795.01,4803.13,4846.7,4788.89,511612471.0
2022-09-23,4799.91,4750.71,4817.13,4717.14,545856355.0
2022-09-26,4716.83,4705.37,4784.1,4699.2,548785142.0
2022-09-27,4717.16,4788.62,4788.62,4703.37,517416126.0
2022-09-28,4776.87,4680.74,4776.87,4680.74,517979489.0
2022-09-29,4723.74,4676.93,4733.21,4652.77,509737503.0
2022-09-30,4677.83,4631.68,4695.76,4631.68,451835833.0
2022-10-10,4637.71,4537.69,4641.32,4527.8,507545969.0
2022-10-11,4547.45,4559.23,4573.27,4512.33,454862032.0
2022-10-12,4555.17,4655.92,4655.92,4484.65,557997598.0
2022-10-13,4627.38,4651.48,4690.71,4619.67,564991787.0
2022-10-14,4685.18,4762.02,4782.71,4683.87,626862093.0
2022-10-17,4740.09,4790.52,4793.95,4734.58,602590157.0
2022-10-18,4809.62,4795.51,4829.01,4778.36,590007750.0
2022-10-19,4782.51,4736.7,4796.91,4736.7,554995434.0
2022-10-20,4706.83,4711.96,4775.9,4668.57,577091279.0
2022-10-21,4713.37,4706.91,4735.65,4688.88,545692893.0
2022-10-24,4703.67,4613.74,4758.13,4591.01,658115085.0
2022-10-25,4594.61,4603.81,4646.64,4543.67,602413763.0
2022-10-26,4608.1,4666.43,4710.43,4608.1,657919629.0
2022-10-27,4675.36,4640.72,4697.23,4640.72,645504638.0
2022-10-28,4608.6,4503.14,4619.83,4489.78,684880097.0
2022-10-31,4465.67,4500.13,4547.81,4465.67,651773160.0
2022-11-01,4510.69,4634.42,4634.42,4506.37,696062327.0
2022-11-02,4623.48,4692.07,4719.9,4616.06,740240098.0
2022-11-03,4651.92,4683.03,4695.13,4647.04,612429708.0
2022-11-04,4683.14,4808.23,4822.57,4683.14,742802752.0
2022-11-07,4801.56,4820.8,4839.16,4782.97,722941108.0
2022-11-08,4818.6,4800.07,4820.7,4767.56,610154875.0
2022-11-09,4801.92,4774.9,4821.06,4771.82,579211553.0
2022-11-10,4744.24,4740.97,4765.53,4719.89,640200034.0
2022-11-11,4855.55,4817.24,4875.33,4801.85,920344822.0
2022-11-14,4835.0,4810.85,4864.22,4794.55,813409810.0
2022-11-15,4806.01,4905.34,4905.34,4795.05,772766808.0
2022-11-16,4902.61,4872.57,4923.35,4864.18,707128543.0
2022-11-17,4858.29,4869.63,4869.63,4817.23,668759448.0
2022-11-18,4872.38,4842.81,4895.43,4840.49,721601094.0
2022-11-21,4809.4,4831.03,4831.03,4778.43,621233473.0
2022-11-22,4825.82,4798.73,4857.72,4781.08,698490847.0
2022-11-23,4789.05,4792.97,4813.06,4743.44,671381134.0
2022-11-24,4807.42,4789.02,4823.19,4777.25,591606493.0
2022-11-25,4778.76,4777.88,4796.68,4760.37,630396525.0
2022-11-28,4700.43,4743.22,4744.81,4675.54,627695707.0
2022-11-29,4769.39,4855.44,4861.2,4769.39,803672165.0
2022-11-30,4847.2,4857.84,4873.07,4834.49,793548504.0
2022-12-01,4920.56,4902.41,4939.31,4900.89,814210866.0
2022-12-02,4892.45,4893.82,4919.72,4884.29,681873206.0
2022-12-05,4928.52,4956.84,4957.23,4919.25,874812716.0
2022-12-06,4938.67,4963.62,4984.87,4932.54,762862951.0
2022-12-07,4950.69,4957.98,4994.03,4940.23,731336339.0
2022-12-08,4951.37,4947.63,4963.44,4932.56,686247955.0
2022-12-09,4949.01,4973.35,4979.7,4927.88,774734864.0
2022-12-12,4956.19,4936.63,4956.95,4933.2,720505463.0
2022-12-13,4936.13,4917.09,4938.46,4911.89,654496431.0
2022-12-14,4922.0,4913.74,4936.21,4902.37,623565355.0
2022-12-15,4910.57,4919.81,4926.73,4894.63,588712692.0
2022-12-16,4895.77,4897.95,4913.62,4875.35,619214589.0
2022-12-19,4894.25,4806.92,4906.14,4789.09,639936735.0
2022-12-20,4794.17,4749.95,4794.45,4731.54,508034815.0
2022-12-21,4755.77,4733.77,4767.19,4718.1,469690433.0
2022-12-22,4760.66,4703.35,4771.12,4688.58,537709244.0
2022-12-23,4677.13,4689.82,4717.15,4665.07,476030079.0
2022-12-26,4692.3,4739.47,4746.39,4692.3,491473739.0
2022-12-27,4755.27,4782.14,4785.19,4742.94,531642398.0
2022-12-28,4766.94,4751.54,4772.06,4742.3,533062804.0
2022-12-29,4734.92,4737.12,4764.57,4725.03,503557242.0
2022-12-30,4755.12,4756.62,4767.52,4749.88,505211150.0
2023-01-03,4753.34,4815.92,4821.74,4733.14,638612619.0
2023-01-04,4814.74,4821.47,4834.23,4796.96,647843086.0
2023-01-05,4836.47,4887.54,4892.75,4831.67,629981118.0
2023-01-06,4886.29,4895.24,4921.97,4883.86,627800935.0
2023-01-09,4913.28,4928.5,4941.65,4911.97,587496440.0
2023-01-10,4931.53,4932.2,4941.3,4912.81,543848705.0
2023-01-11,4934.72,4909.22,4955.37,4905.38,552540728.0
2023-01-12,4919.21,4914.2,4934.94,4899.32,525950272.0
2023-01-13,4928.87,4959.14,4959.14,4921.29,521288685.0
2023-01-16,4963.82,5023.43,5059.34,4963.82,664393189.0
2023-01-17,5026.47,5022.05,5035.69,5001.23,525454978.0
2023-01-18,5027.88,5025.95,5041.56,5018.86,500287007.0
2023-01-19,5020.05,5059.34,5059.34,5008.05,518657827.0
2023-01-20,5070.65,5096.78,5099.56,5070.65,585238593.0
2023-01-30,5179.76,5132.83,5184.52,5129.54,797443104.0
2023-01-31,5123.95,5112.41,5142.48,5104.06,706272579.0
2023-02-01,5124.43,5175.55,5175.55,5105.97,793486530.0
2023-02-02,5187.16,5172.52,5195.48,5156.15,780173068.0
2023-02-03,5156.07,5143.68,5156.07,5086.99,705490049.0
2023-02-06,5112.28,5100.22,5121.92,5075.28,660574701.0
2023-02-07,5109.8,5117.06,5120.09,5090.53,659713534.0
2023-02-08,5121.29,5089.44,5126.84,5086.25,628480854.0
2023-02-09,5078.96,5160.82,5160.82,5074.55,657037677.0
2023-02-10,5154.14,5139.43,5163.53,5115.69,678744092.0
2023-02-13,5135.08,5188.13,5188.72,5131.87,727147019.0
2023-02-14,5197.9,5192.17,5197.9,5169.26,685007294.0
2023-02-15,5193.69,5180.86,5199.72,5168.55,697008482.0
2023-02-16,5181.21,5109.81,5219.24,5076.95,937669666.0
2023-02-17,5105.45,5054.77,5128.86,5053.7,696470987.0
2023-02-20,5061.1,5152.0,5152.48,5046.55,729170389.0
2023-02-21,5152.67,5171.26,5180.97,5135.13,723398547.0
2023-02-22,5144.22,5149.38,5171.69,5138.4,596049071.0
2023-02-23,5150.39,5139.31,5170.24,5117.41,613364931.0
2023-02-24,5139.84,5105.6,5140.54,5083.26,530230460.0
2023-02-27,5085.88,5076.6,5110.2,5066.91,548771727.0
2023-02-28,5092.22,5115.27,5117.31,5060.16,565253297.0
2023-03-01,5114.89,5169.95,5173.48,5103.19,702136707.0
2023-03-02,5164.81,5154.21,5178.24,5149.1,723171208.0
2023-03-03,5158.85,5161.79,5167.34,5125.36,695857075.0
2023-03-06,5164.78,5154.66,5166.07,5124.55,693531741.0
2023-03-07,5149.84,5066.12,5157.9,5065.76,761145156.0
2023-03-08,5048.33,5071.47,5072.18,5042.22,541948289.0
2023-03-09,5076.27,5061.66,5079.35,5035.3,558827734.0
2023-03-10,5030.28,4993.51,5037.8,4992.6,600981996.0
2023-03-13,4984.29,5031.03,5031.23,4979.56,623200247.0
2023-03-14,5022.75,4989.8,5022.75,4938.33,682018776.0
2023-03-15,5016.13,5007.39,5034.43,5005.54,622929207.0
2023-03-16,4976.96,4937.71,4992.33,4932.98,649332581.0
2023-03-17,4971.12,4967.68,5010.92,4953.22,711509412.0
2023-03-20,4974.08,4948.42,4986.97,4943.26,794196610.0
2023-03-21,4956.91,5009.77,5009.83,4954.75,655354504.0
2023-03-22,5022.0,5034.08,5042.75,5014.73,696401927.0
2023-03-23,5019.48,5065.68,5065.68,5014.56,706335316.0
2023-03-24,5065.16,5060.34,5068.95,5042.37,764855730.0
2023-03-27,5058.06,5055.62,5061.15,5018.46,792581243.0
2023-03-28,5056.94,5027.03,5061.8,5021.58,706726187.0
2023-03-29,5036.45,5021.84,5041.24,5005.93,671672642.0
2023-03-30,5022.63,5040.63,5045.82,4984.81,655913895.0
2023-03-31,5045.14,5074.03,5076.73,5041.61,650281752.0
2023-04-03,5080.6,5128.98,5131.6,5080.6,815525175.0
2023-04-04,5127.77,5125.26,5127.79,5099.35,852615409.0
2023-04-06,5103.51,5123.78,5127.07,5096.49,743105918.0
2023-04-07,5125.51,5162.81,5163.09,5120.28,675399673.0
2023-04-10,5170.55,5121.36,5170.68,5110.69,767040090.0
2023-04-11,5122.54,5124.77,5132.16,5097.59,703010806.0
2023-04-12,5126.77,5139.65,5145.18,5119.98,756177333.0
2023-04-13,5126.69,5105.75,5138.78,5096.58,777911137.0
2023-04-14,5116.39,5131.82,5136.35,5097.51,736587146.0
2023-04-17,5127.25,5168.22,5168.22,5125.75,784028129.0
2023-04-18,5158.54,5167.22,5173.45,5147.88,706117573.0
2023-04-19,5162.74,5134.1,5164.18,5126.37,719457837.0
2023-04-20,5128.93,5123.43,5128.93,5098.8,736382000.0
2023-04-21,5121.67,5003.55,5121.67,5003.55,819630291.0
2023-04-24,5000.71,4959.07,5004.06,4939.66,741392130.0
2023-04-25,4956.83,4902.1,4960.49,4847.05,803348110.0
2023-04-26,4885.85,4915.13,4939.39,4877.2,761088229.0
2023-04-27,4899.93,4932.27,4954.42,4894.38,723853317.0
2023-04-28,4930.18,4998.81,5000.17,4930.18,819676228.0
2023-05-04,4981.82,5010.52,5010.77,4978.9,933799728.0
2023-05-05,5007.78,4976.58,5007.99,4954.87,842507624.0
2023-05-08,4985.38,5021.7,5025.23,4983.64,936782977.0
2023-05-09,5020.1,4965.36,5036.94,4963.9,1010742384.0
2023-05-10,4954.06,4951.69,4967.84,4927.28,802380964.0
2023-05-11,4960.57,4950.45,4973.05,4947.44,699768701.0
2023-05-12,4942.01,4888.84,4958.79,4888.24,679438589.0
2023-05-15,4890.02,4948.33,4948.33,4856.07,736939711.0
2023-05-16,4950.04,4913.2,4950.04,4900.34,642022140.0
2023-05-17,4902.14,4916.86,4930.45,4895.13,579688647.0
2023-05-18,4921.62,4924.36,4942.25,4903.87,648960888.0
2023-05-19,4913.29,4916.98,4940.48,4891.88,604866452.0
2023-05-22,4911.58,4934.47,4945.65,4903.74,583997106.0
2023-05-23,4932.41,4873.94,4933.5,4873.94,578571172.0
2023-05-24,4860.11,4833.62,4877.46,4830.37,597581947.0
2023-05-25,4825.35,4824.01,4841.38,4776.35,621123848.0
2023-05-26,4820.78,4841.93,4850.65,4791.39,580578438.0
2023-05-29,4852.79,4824.92,4860.2,4813.78,654885091.0
2023-05-30,4815.21,4841.24,4841.24,4773.54,662328791.0
2023-05-31,4830.11,4814.79,4834.72,4792.67,637123821.0
2023-06-01,4800.57,4825.01,4856.2,4794.35,689653586.0
2023-06-02,4838.07,4877.55,4883.2,4838.07,661335911.0
2023-06-05,4877.36,4871.86,4879.24,4856.2,618592816.0
2023-06-06,4866.06,4799.35,4873.8,4790.55,683817622.0
2023-06-07,4802.77,4794.77,4817.42,4781.1,573799839.0
2023-06-08,4790.88,4799.24,4820.2,4764.36,625812102.0
2023-06-09,4800.84,4827.0,4827.03,4788.34,682949165.0
2023-06-12,4818.33,4844.86,4859.92,4804.74,682105500.0
2023-06-13,4837.8,4866.3,4868.84,4836.18,644915214.0
2023-06-14,4871.55,4870.51,4889.11,4866.45,691215646.0
2023-06-15,4875.15,4921.72,4921.72,4873.4,703287871.0
2023-06-16,4925.14,4965.48,4969.35,4921.44,709490187.0
2023-06-19,4962.95,4949.89,4963.09,4943.16,715792772.0
2023-06-20,4943.84,4941.42,4957.93,4931.07,686343717.0
2023-06-21,4926.14,4853.02,4932.37,4853.02,678826155.0
2023-06-26,4817.91,4770.78,4828.85,4761.41,699414298.0
2023-06-27,4774.16,4828.32,4832.56,4773.73,626509445.0
2023-06-28,4820.71,4815.63,4824.16,4752.64,637466585.0
2023-06-29,4808.45,4818.68,4839.08,4806.57,599081020.0
2023-06-30,4812.11,4859.89,4876.05,4807.29,638146259.0
2023-07-03,4871.82,4900.64,4910.06,4867.12,721092081.0
2023-07-04,4897.24,4914.69,4914.69,4888.25,645270158.0
2023-07-05,4910.08,4877.96,4910.08,4871.71,613300015.0
2023-07-06,4866.71,4856.98,4894.47,4850.15,588083414.0
2023-07-07,4844.58,4831.17,4856.85,4818.75,602846264.0
2023-07-10,4847.6,4845.36,4866.53,4829.32,546941311.0
2023-07-11,4853.25,4879.53,4879.53,4840.95,542892479.0
2023-07-12,4876.26,4830.43,4880.98,4825.83,651112291.0
2023-07-13,4843.52,4891.43,4894.53,4843.52,636541595.0
2023-07-14,4897.25,4889.74,4904.47,4886.55,637501570.0
2023-07-17,4871.33,4862.88,4871.33,4840.61,578273378.0
2023-07-18,4866.17,4851.57,4871.31,4839.84,562595435.0
2023-07-19,4846.23,4844.29,4862.44,4819.38,514119865.0
2023-07-20,4850.33,4796.91,4863.24,4791.67,592849687.0
2023-07-21,4788.24,4791.52,4823.06,4776.91,563947213.0
2023-07-24,4777.13,4779.82,4809.63,4764.99,538838302.0
2023-07-25,4837.71,4885.71,4885.71,4837.71,752377211.0
2023-07-26,4880.59,4867.53,4880.59,4854.95,696606413.0
2023-07-27,4871.45,4847.07,4891.15,4839.29,712733561.0
2023-07-28,4833.21,4924.52,4931.47,4823.89,845623266.0
2023-07-31,4944.69,4959.94,4993.99,4944.69,955811739.0
2023-08-01,4955.37,4948.38,4970.27,4931.74,897066466.0
2023-08-02,4937.17,4926.31,4955.92,4912.47,799349992.0
2023-08-03,4913.06,4948.64,4948.72,4906.75,760734788.0
2023-08-04,4972.67,4967.31,4999.67,4953.25,916158479.0
2023-08-07,4952.05,4934.83,4952.05,4920.17,742850513.0
2023-08-08,4925.53,4918.2,4938.86,4902.35,661060220.0
2023-08-09,4903.65,4889.41,4915.53,4883.24,597048332.0
2023-08-10,4883.29,4898.82,4902.37,4868.35,569660611.0
2023-08-11,4901.12,4798.58,4901.16,4798.58,660227369.0
2023-08-14,4753.0,4789.02,4790.84,4725.4,610050996.0
2023-08-15,4790.77,4764.97,4796.81,4724.11,565504805.0
2023-08-16,4747.97,4722.82,4767.97,4722.68,574137167.0
2023-08-17,4704.58,4755.59,4760.55,4679.22,604720654.0
2023-08-18,4755.48,4683.69,4768.42,4683.69,612719830.0
2023-08-21,4673.15,4630.06,4696.3,4630.06,548079947.0
2023-08-22,4650.79,4661.4,4669.88,4585.25,651545035.0
2023-08-23,4652.4,4579.47,4652.4,4579.03,571476160.0
2023-08-24,4594.67,4600.32,4636.81,4569.45,629641722.0
2023-08-25,4577.11,4550.02,4593.94,4533.55,642486412.0
2023-08-28,4796.46,4598.06,4796.46,4586.37,968843885.0
2023-08-29,4586.86,4690.31,4704.42,4585.33,863823363.0
2023-08-30,4701.21,4700.68,4729.93,4681.79,780993763.0
2023-08-31,4696.08,4672.31,4700.77,4664.33,675252539.0
2023-09-01,4682.95,4690.29,4708.07,4675.56,614489514.0
2023-09-04,4711.22,4759.88,4759.88,4701.21,745562369.0
2023-09-05,4750.05,4729.16,4752.75,4721.5,643901481.0
2023-09-06,4714.33,4732.82,4737.89,4697.74,605805493.0
2023-09-07,4723.0,4660.31,4723.0,4660.02,623212785.0
2023-09-08,4646.5,4654.75,4670.45,4633.64,537411385.0
2023-09-11,4659.0,4698.91,4719.15,4644.34,649984940.0
2023-09-12,4695.23,4693.46,4711.04,4685.45,549437532.0
2023-09-13,4688.25,4651.33,4695.07,4624.99,574062095.0
2023-09-14,4650.31,4636.86,4656.44,4616.04,568283763.0
2023-09-15,4646.59,4625.13,4659.65,4610.25,591866655.0
2023-09-18,4611.89,4644.68,4656.24,4596.52,562010961.0
2023-09-19,4639.14,4619.89,4639.14,4605.47,538807843.0
2023-09-20,4612.38,4593.03,4617.96,4593.03,489176570.0
2023-09-21,4583.42,4557.44,4601.59,4557.44,493178121.0
2023-09-22,4554.77,4639.86,4640.52,4547.3,609072813.0
2023-09-25,4638.43,4615.13,4638.43,4608.42,571097596.0
2023-09-26,4609.69,4592.6,4621.13,4592.6,510475398.0
2023-09-27,4591.71,4608.98,4637.67,4591.54,551832171.0
2023-09-28,4621.4,4621.41,4631.1,4608.98,556494450.0
2023-10-09,4612.89,4609.57,4620.58,4573.06,618569965.0
2023-10-10,4621.0,4587.27,4627.74,4584.3,619297305.0
2023-10-11,4601.79,4597.76,4624.62,4585.82,636825547.0
2023-10-12,4625.41,4634.92,4636.87,4610.12,647260723.0
2023-10-13,4610.72,4600.13,4611.95,4587.75,629650118.0
2023-10-16,4602.74,4560.09,4602.9,4542.91,654832056.0
2023-10-17,4565.61,4566.25,4567.75,4540.15,603223945.0
2023-10-18,4554.25,4511.9,4554.25,4509.83,629171847.0
2023-10-19,4487.25,4439.93,4500.32,4439.43,666629556.0
2023-10-20,4420.67,4402.69,4444.47,4395.48,605855306.0
2023-10-23,4387.77,4327.13,4387.77,4305.13,629904303.0
2023-10-24,4339.4,4373.52,4381.06,4317.89,677927850.0
2023-10-25,4409.04,4409.52,4435.52,4405.12,736843788.0
2023-10-26,4385.57,4426.1,4428.87,4375.34,691860291.0
2023-10-27,4411.35,4490.1,4506.29,4404.5,760823383.0
2023-10-30,4479.85,4533.61,4543.03,4479.77,815051957.0
2023-10-31,4531.76,4515.15,4532.92,4496.34,740313334.0
2023-11-01,4536.24,4513.0,4536.81,4503.85,652168533.0
2023-11-02,4518.71,4477.81,4531.78,4477.61,637911025.0
2023-11-03,4483.1,4523.67,4537.55,4483.1,647439719.0
2023-11-06,4552.04,4601.01,4602.09,4552.04,849016024.0
2023-11-07,4592.66,4603.61,4614.63,4578.77,777223019.0
2023-11-08,4596.46,4604.26,4620.81,4577.62,810828155.0
2023-11-09,4597.3,4590.52,4620.51,4580.84,742952422.0
2023-11-10,4571.91,4567.89,4575.3,4550.36,645206319.0
2023-11-13,4579.26,4585.24,4588.9,4558.82,677835392.0
2023-11-14,4585.27,4601.29,4610.23,4581.85,700212437.0
2023-11-15,4639.24,4629.33,4643.37,4616.65,738696903.0
2023-11-16,4618.34,4587.87,4623.55,4587.87,659226370.0
2023-11-17,4576.48,4602.61,4603.42,4570.2,649742763.0
2023-11-20,4607.03,4627.68,4633.41,4585.89,709291407.0
2023-11-21,4637.42,4617.59,4658.88,4609.98,816565930.0
2023-11-22,4602.79,4567.24,4615.26,4567.24,733928891.0
2023-11-23,4562.2,4600.5,4602.18,4550.05,687256722.0
2023-11-24,4598.8,4558.18,4598.8,4549.67,698050937.0
2023-11-27,4552.15,4541.56,4552.88,4517.96,690663381.0
2023-11-28,4537.21,4559.44,4559.89,4521.46,618138867.0
2023-11-29,4558.11,4527.06,4558.6,4520.54,632891891.0
2023-11-30,4522.14,4522.11,4532.98,4495.22,635522963.0
2023-12-01,4519.57,4531.14,4540.41,4493.37,672087671.0
2023-12-04,4532.38,4516.04,4541.65,4515.87,675272031.0
2023-12-05,4504.3,4431.26,4504.3,4431.26,664266174.0
2023-12-06,4421.8,4445.61,4473.28,4417.11,666837522.0
2023-12-07,4440.21,4437.89,4454.04,4416.08,659654482.0
2023-12-08,4438.24,4433.67,4454.24,4429.23,770007972.0
2023-12-11,4411.71,4473.18,4478.18,4376.57,762077206.0
2023-12-12,4466.72,4483.39,4484.82,4462.42,648210005.0
2023-12-13,4474.87,4429.42,4474.87,4429.42,635719606.0
2023-12-14,4448.11,4410.01,4466.29,4408.69,623651548.0
2023-12-15,4421.63,4390.01,4438.08,4382.88,632257560.0
2023-12-18,4377.83,4350.38,4390.32,4342.0,629742964.0
2023-12-19,4346.2,4354.54,4369.41,4324.84,569187583.0
2023-12-20,4357.33,4300.24,4361.89,4300.24,574178132.0
2023-12-21,4283.51,4334.65,4344.81,4265.01,630036972.0
2023-12-22,4333.61,4310.39,4356.5,4297.62,671187946.0
2023-12-25,4302.5,4314.54,4320.9,4290.52,524908956.0
2023-12-26,4312.54,4270.44,4312.54,4258.02,520744496.0
2023-12-27,4273.56,4292.67,4298.36,4256.86,554532126.0
2023-12-28,4288.55,4379.77,4392.9,4282.06,728454312.0
2023-12-29,4375.04,4421.96,4422.57,4373.97,665416001.0
2024-01-02,4421.16,4390.83,4421.16,4390.83,673663501.0
2024-01-03,4381.09,4376.82,4395.63,4352.73,636569579.0
2024-01-04,4371.91,4344.0,4371.91,4322.58,576956283.0
2024-01-05,4339.09,4292.79,4358.88,4273.72,647034572.0
2024-01-08,4284.11,4219.12,4287.43,4219.12,589853465.0
2024-01-09,4223.17,4231.06,4255.95,4205.93,595675450.0
2024-01-10,4219.32,4204.0,4248.38,4180.88,567430228.0
2024-01-11,4200.44,4252.17,4267.01,4195.58,619643003.0
2024-01-12,4242.29,4230.09,4274.61,4230.0,609412516.0
2024-01-15,4214.45,4223.36,4256.1,4200.0,548663132.0
2024-01-16,4217.56,4228.42,4234.76,4173.99,629035843.0
2024-01-17,4218.84,4127.42,4218.84,4127.42,575455981.0
2024-01-18,4106.02,4147.01,4149.98,4026.27,809373125.0
2024-01-19,4136.06,4117.72,4157.19,4108.7,579937365.0
2024-01-22,4109.05,3966.84,4109.05,3938.36,748632728.0
2024-01-23,3955.15,3997.06,4016.17,3920.57,663841828.0
2024-01-24,4013.73,4052.89,4057.77,3926.46,750252261.0
2024-01-25,4051.59,4161.78,4162.63,4039.32,851539906.0
2024-01-26,4147.8,4142.73,4177.28,4129.7,805114218.0
2024-01-29,4146.55,4065.92,4158.67,4065.92,780809561.0
2024-01-30,4040.43,3971.53,4052.85,3969.37,648555229.0
2024-01-31,3950.09,3874.62,3974.54,3869.07,785480272.0
2024-02-01,3853.82,3856.96,3917.52,3816.39,731425009.0
2024-02-02,3860.43,3765.66,3887.32,3665.49,871935911.0
2024-02-05,3739.28,3666.37,3751.84,3565.87,997550028.0
2024-02-06,3624.39,3827.76,3853.5,3607.16,1069509129.0
2024-02-07,3832.97,3895.0,3916.53,3807.06,1139278756.0
2024-02-08,3907.2,3985.4,3994.01,3902.89,1130630860.0
2024-02-19,4030.86,4041.51,4042.41,3991.63,992572226.0
2024-02-20,4027.32,4057.94,4064.33,4000.66,768544039.0
2024-02-21,4028.39,4100.1,4170.94,4015.07,960593439.0
2024-02-22,4095.24,4150.67,4150.67,4091.26,788129900.0
2024-02-23,4160.73,4187.61,4190.5,4134.04,873239357.0
2024-02-26,4189.34,4182.33,4225.45,4164.63,938315478.0
2024-02-27,4166.39,4262.19,4262.19,4157.15,878533774.0
2024-02-28,4268.86,4136.21,4305.98,4136.21,1273851806.0
2024-02-29,4112.49,4251.41,4251.41,4112.49,949427841.0
2024-03-01,4255.26,4286.5,4293.58,4235.29,895779709.0
2024-03-04,4291.01,4296.9,4301.39,4245.9,894908528.0
2024-03-05,4273.07,4286.67,4297.79,4261.03,872171202.0
2024-03-06,4271.67,4288.04,4322.58,4255.46,785002419.0
2024-03-07,4290.01,4249.46,4318.2,4249.02,860049753.0
2024-03-08,4250.62,4285.62,4291.99,4230.92,733547766.0
2024-03-11,4282.43,4352.16,4352.16,4282.27,831702185.0
2024-03-12,4357.8,4368.39,4380.32,4331.41,957076077.0
2024-03-13,4367.81,4358.35,4386.22,4337.22,870148208.0
2024-03-14,4356.81,4339.61,4383.03,4307.55,849340795.0
2024-03-15,4329.0,4372.02,4373.13,4313.45,815854667.0
2024-03-18,4383.71,4430.66,4430.81,4381.96,946609673.0
2024-03-19,4419.3,4401.3,4442.06,4401.3,894132937.0
2024-03-20,4392.73,4424.51,4426.9,4392.73,838005120.0
2024-03-21,4434.01,4420.66,4442.97,4404.29,901606743.0
2024-03-22,4409.66,4370.85,4415.14,4339.9,936099925.0
2024-03-25,4359.03,4309.05,4387.15,4309.05,892409736.0
2024-03-26,4305.15,4314.0,4328.56,4271.73,808396548.0
2024-03-27,4306.94,4221.59,4307.12,4221.59,790560478.0
2024-03-28,4216.56,4275.62,4313.28,4216.56,813736704.0
2024-03-29,4272.81,4310.67,4310.69,4267.02,762788353.0
2024-04-01,4327.13,4392.63,4392.72,4327.13,870856095.0
2024-04-02,4389.92,4374.78,4389.92,4356.74,876702623.0
2024-04-03,4368.65,4353.74,4372.45,4335.41,834499418.0
2024-04-08,4338.35,4293.42,4347.06,4293.32,859914104.0
2024-04-09,4288.84,4315.47,4316.4,4277.57,726000863.0
2024-04-10,4308.54,4258.49,4308.54,4233.57,772641784.0
2024-04-11,4232.2,4265.38,4297.89,4229.23,741060882.0
2024-04-12,4266.65,4235.38,4283.34,4229.08,729961539.0
2024-04-15,4225.88,4249.41,4277.43,4174.38,980530762.0
2024-04-16,4223.53,4126.45,4232.8,4124.33,960372923.0
2024-04-17,4138.98,4251.51,4251.51,4138.98,897486577.0
2024-04-18,4237.95,4253.33,4294.83,4224.2,877397239.0
2024-04-19,4230.89,4226.22,4258.49,4205.68,793558706.0
2024-04-22,4210.95,4204.4,4245.16,4194.63,754913251.0
2024-04-23,4198.56,4183.7,4213.13,4175.1,704297580.0
2024-04-24,4188.8,4226.65,4226.65,4178.65,706633219.0
2024-04-25,4211.82,4234.66,4257.41,4208.58,692539438.0
2024-04-26,4232.74,4305.35,4309.24,4232.74,956368363.0
2024-04-29,4306.88,4380.75,4390.81,4306.88,1065281195.0
2024-04-30,4375.57,4353.88,4382.71,4351.78,947127321.0
2024-05-06,4406.74,4428.17,4431.2,4404.94,957806998.0
2024-05-07,4427.55,4435.58,4440.9,4416.66,858153997.0
2024-05-08,4423.97,4387.87,4423.97,4384.88,779809101.0
2024-05-09,4387.31,4441.63,4448.23,4387.31,796845828.0
2024-05-10,4446.17,4425.06,4452.64,4401.11,838675959.0
2024-05-13,4398.31,4400.23,4417.25,4372.43,820546177.0
2024-05-14,4403.3,4405.66,4424.24,4390.03,738924323.0
2024-05-15,4397.76,4366.65,4399.28,4363.41,709512066.0
2024-05-16,4377.28,4375.15,4401.41,4364.82,795535069.0
2024-05-17,4373.02,4424.81,4424.81,4365.07,838466772.0
2024-05-20,4427.56,4444.14,4452.78,4426.09,921749501.0
2024-05-21,4433.79,4414.56,4434.36,4400.55,750393843.0
2024-05-22,4411.79,4420.67,4427.53,4406.7,763950136.0
2024-05-23,4405.54,4348.25,4405.54,4339.14,790536656.0
2024-05-24,4336.77,4302.13,4365.54,4301.18,687496832.0
2024-05-27,4308.69,4343.26,4344.58,4286.09,705402440.0
2024-05-28,4336.65,4305.39,4343.54,4301.38,690096492.0
2024-05-29,4300.77,4311.23,4332.96,4295.08,663813456.0
2024-05-30,4300.88,4288.48,4323.12,4280.13,672449933.0
2024-05-31,4291.88,4288.11,4317.16,4288.11,639963713.0
2024-06-03,4284.3,4264.53,4294.17,4237.6,769720432.0
2024-06-04,4254.01,4285.91,4292.44,4235.6,692239181.0
2024-06-05,4275.4,4240.09,4288.93,4240.09,643413677.0
2024-06-06,4246.58,4190.2,4258.51,4178.44,830332879.0
2024-06-07,4203.02,4192.82,4223.36,4158.24,677188186.0
2024-06-11,4172.73,4184.72,4193.59,4148.57,634088425.0
2024-06-12,4179.21,4201.18,4209.17,4178.2,604327883.0
2024-06-13,4203.18,4176.73,4204.57,4169.08,641199088.0
2024-06-14,4164.45,4188.78,4194.03,4152.97,708472764.0
2024-06-17,4167.82,4182.15,4191.34,4165.06,618958719.0
2024-06-18,4180.58,4207.65,4210.22,4180.58,623831413.0
2024-06-19,4207.91,4177.57,4208.78,4175.63,589780936.0
2024-06-20,4171.67,4124.0,4184.53,4121.27,642003470.0
2024-06-21,4112.78,4119.17,4137.42,4098.62,550105505.0
2024-06-24,4093.13,4045.24,4096.22,4043.18,643478957.0
2024-06-25,4043.55,4022.65,4058.85,3999.24,592946173.0
2024-06-26,4015.02,4081.94,4086.49,4001.77,620535884.0
2024-06-27,4065.42,4024.88,4065.42,4024.87,590874987.0
2024-06-28,4013.81,4039.97,4079.14,4013.81,655765399.0
2024-07-01,4037.25,4070.44,4075.5,4015.49,617457268.0
2024-07-02,4066.5,4055.67,4080.39,4044.72,624977082.0
2024-07-03,4053.33,4032.86,4055.58,4026.73,562910833.0
2024-07-04,4036.68,3979.92,4049.7,3977.65,596537399.0
2024-07-05,3974.96,3989.44,3997.68,3940.2,554168608.0
2024-07-08,3978.86,3928.15,3978.86,3919.41,581229871.0
2024-07-09,3922.6,3989.07,3997.55,3896.0,684400186.0
2024-07-10,3972.61,3969.79,4000.43,3963.47,633195505.0
2024-07-11,4009.06,4041.79,4043.08,3994.38,728515722.0
2024-07-12,4032.69,4036.84,4048.28,4025.91,644318833.0
2024-07-15,4025.79,4016.26,4030.57,4008.84,578486254.0
2024-07-16,4007.03,4033.05,4034.9,3999.56,563290301.0
2024-07-17,4028.76,4013.72,4033.32,4007.07,602303220.0
2024-07-18,3988.98,4028.92,4029.23,3966.88,594123956.0
2024-07-19,4007.86,4042.73,4051.17,4003.74,574624212.0
2024-07-22,4042.23,4032.86,4046.27,4009.21,572531377.0
2024-07-23,4029.34,3939.51,4029.45,3939.51,614495268.0
2024-07-24,3928.89,3899.95,3950.29,3892.18,621600860.0
2024-07-25,3881.19,3891.1,3911.67,3870.25,558599980.0
2024-07-26,3895.98,3927.62,3934.16,3895.98,583268951.0
2024-07-29,3927.47,3914.44,3930.02,3909.94,559525051.0
2024-07-30,3903.7,3906.45,3912.68,3879.88,581056480.0
2024-07-31,3901.52,4020.58,4021.54,3900.45,871826198.0
2024-08-01,4023.47,4003.24,4038.69,3994.78,748120954.0
2024-08-02,3973.72,3956.12,4009.82,3952.11,701099265.0
2024-08-05,3929.3,3883.97,3988.75,3883.97,775697734.0
2024-08-06,3917.13,3912.69,3933.8,3878.44,668675992.0
2024-08-07,3907.81,3912.14,3935.24,3898.5,594596335.0
2024-08-08,3899.61,3909.42,3936.77,3873.79,648951086.0
2024-08-09,3925.67,3888.78,3940.63,3888.78,622496582.0
2024-08-12,3884.33,3875.28,3894.7,3865.52,556655026.0
2024-08-13,3875.1,3890.66,3890.66,3854.08,518300498.0
2024-08-14,3889.19,3858.53,3889.3,3858.53,505976865.0
2024-08-15,3848.98,3894.41,3917.46,3844.78,649229733.0
2024-08-16,3896.1,3886.64,3908.63,3881.62,636344788.0
2024-08-19,3882.55,3892.44,3922.09,3882.52,613420312.0
2024-08-20,3894.23,3845.22,3895.41,3833.68,622744853.0
2024-08-21,3833.26,3831.52,3851.07,3827.14,549914859.0
2024-08-22,3832.2,3800.87,3836.89,3796.7,583577355.0
2024-08-23,3792.02,3806.93,3819.02,3784.5,547285674.0
2024-08-26,3809.28,3814.97,3820.65,3800.27,550722120.0
2024-08-27,3804.07,3778.92,3804.07,3772.17,547572413.0
2024-08-28,3770.1,3772.0,3787.75,3762.3,529522407.0
2024-08-29,3757.21,3793.0,3804.8,3753.89,628675145.0
2024-08-30,3790.26,3854.74,3896.33,3790.26,889307984.0
2024-09-02,3844.85,3786.0,3848.75,3786.0,747700160.0
2024-09-03,3782.64,3809.5,3821.15,3782.64,618021124.0
2024-09-04,3785.8,3787.36,3816.28,3780.49,586026115.0
2024-09-05,3788.85,3804.18,3818.27,3788.8,566627219.0
2024-09-06,3807.39,3758.18,3813.51,3757.69,587282733.0
2024-09-09,3740.35,3725.79,3749.71,3710.58,566740713.0
2024-09-10,3727.57,3732.97,3745.59,3686.51,586809861.0
2024-09-11,3720.04,3723.93,3737.4,3708.91,534160672.0
2024-09-12,3727.53,3710.27,3751.88,3710.0,555169446.0
2024-09-13,3712.21,3681.44,3721.67,3681.44,576681725.0
2024-09-18,3680.86,3684.16,3695.4,3645.47,559068555.0
2024-09-19,3695.8,3731.52,3755.19,3668.21,703151764.0
2024-09-20,3728.7,3727.81,3733.76,3701.94,639431265.0
2024-09-23,3726.38,3736.57,3757.17,3718.38,596324909.0
2024-09-24,3763.74,3888.2,3888.2,3743.68,1028447221.0
2024-09-25,3937.08,3937.57,4018.9,3929.52,1238874129.0
2024-09-26,3932.37,4096.24,4096.24,3927.42,1242010209.0
2024-09-27,4171.25,4293.11,4307.56,4156.48,1390083126.0
2024-09-30,4472.62,4706.77,4728.12,4410.82,2335252206.0
2024-10-08,5252.33,5037.01,5252.33,4803.32,2790991512.0
2024-10-09,4919.83,4661.71,4953.11,4647.74,2196311518.0
2024-10-10,4691.92,4670.36,4806.51,4583.83,1740290762.0
2024-10-11,4636.58,4514.19,4636.58,4465.19,1324901632.0
2024-10-14,4544.02,4629.51,4640.85,4480.55,1358401182.0
2024-10-15,4605.51,4524.67,4664.29,4524.67,1325160694.0
2024-10-16,4463.27,4515.43,4570.5,4462.08,1178600477.0
2024-10-17,4544.02,4480.87,4580.92,4480.27,1253750513.0
2024-10-18,4470.93,4647.3,4738.52,4465.21,1602976284.0
2024-10-21,4676.29,4696.8,4754.59,4635.88,1589162270.0
2024-10-22,4691.76,4728.44,4750.7,4673.88,1459948051.0
2024-10-23,4722.36,4744.8,4800.63,4707.35,1524218796.0
2024-10-24,4719.35,4705.98,4730.78,4686.1,1218570613.0
2024-10-25,4713.29,4767.43,4804.27,4713.29,1407608296.0
2024-10-28,4771.43,4822.49,4822.49,4747.66,1575771232.0
2024-10-29,4836.74,4763.81,4849.52,4762.36,1695963263.0
2024-10-30,4740.11,4755.97,4784.82,4713.7,1538372227.0
2024-10-31,4759.98,4794.14,4821.8,4738.3,1822005603.0
2024-11-01,4784.11,4723.34,4806.9,4710.93,1964188063.0
2024-11-04,4721.47,4803.01,4803.01,4721.47,1443016543.0
2024-11-05,4800.05,4943.21,4946.83,4791.43,1838197639.0
2024-11-06,4958.41,4946.63,5011.89,4917.02,2037961776.0
2024-11-07,4904.13,5071.74,5071.74,4897.9,2108901721.0
2024-11-08,5125.97,5049.45,5141.45,5036.96,2130913166.0
2024-11-11,5020.36,5118.28,5119.06,5016.63,1841594644.0
2024-11-12,5124.9,5059.11,5159.24,5018.43,1847968523.0
2024-11-13,5028.87,5072.36,5076.18,4993.36,1484463593.0
2024-11-14,5058.79,4949.25,5067.91,4943.46,1379498518.0
2024-11-15,4930.13,4847.63,4971.44,4847.63,1386924200.0
2024-11-18,4865.6,4780.66,4891.19,4754.56,1550037832.0
2024-11-19,4783.71,4854.4,4854.67,4731.25,1337742636.0
2024-11-20,4841.73,4906.8,4921.52,4836.02,1321247640.0
2024-11-21,4896.98,4912.67,4929.43,4874.43,1292080304.0
2024-11-22,4902.51,4746.37,4915.21,4746.37,1487052067.0
2024-11-25,4756.72,4749.14,4772.41,4686.57,1254632989.0
2024-11-26,4737.22,4718.85,4777.59,4716.81,1134408239.0
2024-11-27,4698.09,4806.63,4806.72,4654.27,1254361228.0
2024-11-28,4806.11,4778.97,4824.45,4771.49,1303142213.0
2024-11-29,4770.93,4845.9,4891.61,4765.15,1403942838.0
2024-12-02,4844.46,4917.31,4925.43,4841.64,1538677461.0
2024-12-03,4920.37,4921.12,4940.23,4880.59,1529241097.0
2024-12-04,4915.78,4875.11,4927.28,4854.73,1479090845.0
2024-12-05,4857.37,4898.18,4909.6,4857.37,1316211882.0
2024-12-06,4902.86,4956.57,4981.02,4884.13,1646858726.0
2024-12-09,4954.83,4940.24,4977.75,4909.44,1566689056.0
2024-12-10,5092.82,4977.83,5098.63,4970.01,1883288273.0
2024-12-11,4964.14,5006.7,5010.41,4963.95,1623928152.0
2024-12-12,5006.41,5053.03,5055.89,4987.91,1666341816.0
2024-12-13,5020.25,4947.39,5020.25,4945.73,1771860492.0
2024-12-16,4945.77,4908.61,4954.11,4890.77,1524006712.0
2024-12-17,4898.89,4845.44,4914.91,4839.59,1401319221.0
2024-12-18,4855.37,4875.99,4902.6,4842.55,1232363984.0
2024-12-19,4829.8,4880.27,4891.95,4819.97,1254101726.0
2024-12-20,4870.12,4891.54,4927.26,4870.12,1202868883.0
2024-12-23,4888.82,4812.5,4898.81,4807.31,1326732092.0
2024-12-24,4818.22,4867.73,4868.15,4810.01,1112984403.0
2024-12-25,4867.17,4829.76,4868.58,4797.78,1117745288.0
2024-12-26,4822.56,4857.74,4869.63,4818.33,995866520.0
2024-12-27,4859.23,4864.18,4910.19,4851.18,1159076101.0
2024-12-30,4856.4,4859.79,4876.22,4838.06,1039669137.0
2024-12-31,4860.19,4750.67,4866.08,4750.67,1124030355.0
2025-01-02,4744.65,4625.11,4748.53,4589.84,1217113564.0
2025-01-03,4632.29,4523.12,4642.26,4518.41,1175460981.0
2025-01-06,4516.66,4509.93,4547.6,4478.73,995087792.0
2025-01-07,4506.7,4567.61,4568.65,4496.29,977757038.0
2025-01-08,4548.82,4559.04,4587.56,4458.94,1134976517.0
2025-01-09,4541.99,4558.51,4582.66,4537.89,968232883.0
2025-01-10,4553.7,4475.61,4577.75,4475.61,997867871.0
2025-01-13,4433.5,4472.6,4497.66,4430.16,859159765.0
2025-01-14,4484.89,4632.23,4636.11,4477.35,1139642513.0
2025-01-15,4624.8,4604.12,4634.85,4594.44,1012922092.0
2025-01-16,4625.51,4620.34,4681.83,4585.62,1091909049.0
2025-01-17,4603.79,4636.07,4663.31,4596.77,941980512.0
2025-01-20,4664.88,4663.53,4696.86,4650.35,974335006.0
2025-01-21,4686.92,4671.06,4689.79,4638.42,963198300.0
2025-01-22,4653.67,4627.98,4653.67,4612.22,880132340.0
2025-01-23,4669.96,4623.63,4718.39,4623.63,1086161030.0
2025-01-24,4610.86,4674.23,4679.5,4610.79,968113802.0
2025-01-27,4681.77,4632.67,4697.71,4632.67,900656657.0
2025-02-05,4670.6,4639.2,4672.86,4622.01,972023182.0
2025-02-06,4631.98,4728.58,4728.94,4627.33,1154193500.0
2025-02-07,4730.5,4796.04,4834.57,4723.51,1464537468.0
2025-02-10,4807.76,4839.79,4842.08,4789.88,1346371192.0
2025-02-11,4841.85,4819.45,4841.85,4799.89,1261592831.0
2025-02-12,4808.02,4876.28,4876.28,4805.9,1254270924.0
2025-02-13,4873.18,4844.65,4893.06,4840.68,1386541040.0
2025-02-14,4836.77,4875.07,4879.73,4831.59,1298683910.0
2025-02-17,4896.58,4899.83,4908.37,4862.54,1434584605.0
2025-02-18,4890.98,4820.19,4902.47,4804.2,1379501299.0
2025-02-19,4814.15,4893.41,4893.83,4814.15,1233674463.0
2025-02-20,4890.08,4905.71,4916.48,4876.48,1269099224.0
2025-02-21,4915.43,4973.11,4975.58,4893.41,1494606961.0
2025-02-24,4968.73,4971.26,4992.87,4938.06,1458111477.0
2025-02-25,4913.45,4930.3,4973.57,4907.09,1318710470.0
2025-02-26,4940.08,4986.89,4986.89,4937.63,1376454747.0
2025-02-27,4987.28,4983.16,5003.87,4920.68,1448969533.0
2025-02-28,4958.41,4847.41,4962.12,4839.68,1371045920.0
2025-03-03,4860.48,4853.2,4916.24,4828.55,1207581427.0
2025-03-04,4819.37,4882.45,4884.66,4817.46,1050519770.0
2025-03-05,4883.83,4905.03,4905.74,4856.59,1115091062.0
2025-03-06,4930.04,4985.97,4996.83,4927.47,1342606269.0
2025-03-07,4970.4,4964.77,5000.68,4944.7,1319270722.0
2025-03-10,4969.71,4961.58,4981.24,4927.54,1109294459.0
2025-03-11,4904.99,4980.13,4980.13,4903.39,1095706476.0
2025-03-12,4995.34,4979.87,5018.3,4974.85,1237889820.0
2025-03-13,4974.68,4935.97,4986.36,4903.59,1226943007.0
2025-03-14,4938.91,5037.25,5037.25,4934.48,1323224547.0
2025-03-17,5053.52,5042.84,5060.88,5035.17,1198572451.0
2025-03-18,5058.23,5060.94,5072.93,5041.09,1104813792.0
2025-03-19,5050.99,5045.48,5068.08,5024.87,1079289207.0
2025-03-20,5041.69,5015.24,5051.18,5010.16,1090813398.0
2025-03-21,4999.38,4931.82,5015.47,4918.38,1231515001.0
2025-03-24,4931.16,4918.64,4939.75,4854.94,1219340116.0
2025-03-25,4917.0,4899.42,4930.47,4884.67,1040547663.0
2025-03-26,4891.21,4905.47,4928.96,4891.21,973229318.0
2025-03-27,4892.97,4906.85,4942.55,4863.65,964426841.0
2025-03-28,4903.07,4868.75,4913.97,4863.66,944701458.0
2025-03-31,4846.6,4826.86,4864.12,4786.24,1017504511.0
2025-04-01,4836.02,4844.53,4870.53,4833.93,909988163.0
2025-04-02,4839.12,4847.56,4873.51,4837.57,791883821.0
2025-04-03,4796.18,4809.73,4851.08,4787.75,906459083.0
2025-04-07,4546.0,4365.18,4584.54,4298.05,1375059912.0
2025-04-08,4358.74,4409.98,4430.04,4338.35,1459463927.0
2025-04-09,4346.44,4486.47,4499.47,4252.82,1530963008.0
2025-04-10,4565.49,4571.47,4616.73,4542.22,1367162008.0
2025-04-11,4552.55,4603.03,4633.44,4548.98,1095540828.0
2025-04-14,4643.61,4643.07,4669.47,4630.44,1069951051.0
2025-04-15,4642.06,4637.01,4645.94,4608.86,917241100.0
2025-04-16,4628.09,4612.72,4628.39,4551.67,959657628.0
2025-04-17,4589.04,4617.88,4639.93,4586.32,852883822.0
2025-04-18,4607.26,4616.84,4626.12,4590.13,824088891.0
2025-04-21,4611.0,4668.91,4671.17,4599.14,894974597.0
2025-04-22,4663.4,4665.27,4684.87,4658.98,951267365.0
2025-04-23,4686.34,4681.08,4699.46,4669.43,1003824369.0
2025-04-24,4678.99,4658.58,4696.7,4642.83,946324836.0
2025-04-25,4665.36,4667.56,4692.12,4653.26,964701689.0
2025-04-28,4664.27,4639.9,4664.53,4633.04,936829164.0
2025-04-29,4628.12,4649.04,4661.01,4620.82,866119545.0
2025-04-30,4651.32,4666.8,4678.13,4649.78,968549281.0
2025-05-06,4698.67,4751.8,4751.9,4694.62,1082387256.0
2025-05-07,4811.2,4775.75,4818.92,4745.33,1196808622.0
2025-05-08,4760.75,4807.39,4815.61,4755.42,1041665521.0
2025-05-09,4802.6,4773.33,4802.6,4758.56,968654046.0
2025-05-12,4800.79,4834.22,4834.22,4793.55,971603299.0
2025-05-13,4870.09,4831.24,4870.09,4825.05,988159648.0
2025-05-14,4828.0,4864.48,4888.83,4815.35,1042249910.0
2025-05-15,4853.7,4807.4,4853.7,4805.36,953482199.0
2025-05-16,4795.97,4805.37,4817.61,4792.05,895213295.0
2025-05-19,4804.57,4812.05,4818.21,4774.53,918165176.0
2025-05-20,4817.05,4843.57,4852.42,4807.68,962428555.0
2025-05-21,4840.09,4846.77,4857.68,4836.35,951909955.0
2025-05-22,4835.74,4816.98,4849.63,4812.97,907662923.0
2025-05-23,4811.74,4771.62,4845.16,4771.62,924130654.0
2025-05-26,4767.27,4776.18,4793.24,4751.39,801676176.0
2025-05-27,4772.13,4761.07,4773.97,4744.34,810553890.0
2025-05-28,4762.97,4751.01,4771.09,4744.82,838108141.0
2025-05-29,4749.61,4805.66,4809.76,4748.76,967529454.0
2025-05-30,4794.3,4764.6,4795.18,4762.45,939197525.0
2025-06-03,4751.05,4788.37,4794.81,4751.05,919944250.0
2025-06-04,4791.18,4821.11,4824.82,4791.18,930842778.0
2025-06-05,4823.93,4840.08,4846.6,4809.56,989999365.0
2025-06-06,4838.71,4834.86,4844.93,4825.5,901780538.0
2025-06-09,4841.39,4870.43,4875.76,4838.11,1000354448.0
2025-06-10,4872.57,4836.67,4873.41,4801.56,1137749108.0
2025-06-11,4839.72,4866.33,4885.71,4839.72,999143714.0
2025-06-12,4854.47,4868.92,4876.4,4844.89,973772477.0
2025-06-13,4853.85,4813.2,4859.19,4803.48,1163749315.0
2025-06-16,4799.65,4838.23,4838.99,4799.65,944511761.0
2025-06-17,4841.55,4832.05,4850.54,4819.96,952828523.0
2025-06-18,4826.02,4830.93,4834.73,4804.79,935073968.0
2025-06-19,4822.5,4772.14,4830.33,4761.1,992913876.0
2025-06-20,4765.93,4754.83,4786.43,4752.44,837761802.0
2025-06-23,4731.75,4794.14,4801.53,4731.74,894581330.0
2025-06-24,4799.03,4868.08,4868.23,4799.03,1097552611.0
2025-06-25,4873.14,4933.59,4936.47,4867.23,1199124745.0
2025-06-26,4928.5,4916.56,4949.86,4914.96,1185210338.0
2025-06-27,4924.23,4913.66,4955.24,4910.16,1184280892.0
2025-06-30,4919.31,4954.23,4957.1,4917.55,1090230429.0
2025-07-01,4955.77,4966.82,4968.91,4936.12,1098962582.0
2025-07-02,4961.86,4947.14,4961.86,4935.38,1137346816.0
2025-07-03,4949.66,4976.66,4980.64,4947.01,1035847920.0
2025-07-04,4974.9,4969.21,5013.8,4953.03,1128197869.0
2025-07-07,4962.12,4966.1,4970.9,4955.6,979361651.0
2025-07-08,4966.15,5018.79,5020.84,4966.15,1117266257.0
2025-07-09,5019.98,5008.5,5039.66,4999.61,1182836774.0
2025-07-10,5006.56,5026.49,5047.22,5000.92,1221526033.0
2025-07-11,5028.25,5045.76,5082.59,5016.74,1366849168.0
2025-07-14,5050.63,5052.93,5063.56,5047.57,1180429470.0
2025-07-15,5052.21,5042.65,5069.2,5003.96,1259948772.0
2025-07-16,5042.19,5044.13,5065.2,5025.57,1036858251.0
2025-07-17,5042.04,5090.82,5090.82,5041.14,1064794193.0
2025-07-18,5097.66,5110.45,5112.58,5089.44,1093213277.0
2025-07-21,5121.52,5156.72,5157.43,5119.36,1325020906.0
2025-07-22,5159.01,5188.27,5189.07,5139.23,1461562566.0
2025-07-23,5193.88,5173.47,5219.17,5166.37,1500275115.0
2025-07-24,5170.7,5229.1,5229.1,5170.7,1475049795.0
2025-07-25,5229.45,5220.95,5234.78,5205.9,1382146895.0
2025-07-28,5223.98,5238.8,5242.28,5204.29,1241587095.0
2025-07-29,5233.47,5262.32,5263.08,5208.24,1263859556.0
2025-07-30,5254.58,5241.33,5279.8,5204.95,1316106441.0
2025-07-31,5228.7,5168.75,5238.28,5152.86,1357243322.0
2025-08-01,5164.9,5161.09,5187.93,5136.19,1103304275.0
2025-08-04,5138.14,5199.57,5199.57,5136.51,1014578214.0
2025-08-05,5210.97,5239.87,5239.87,5208.15,1102893238.0
2025-08-06,5236.14,5272.08,5272.28,5233.64,1172747952.0
2025-08-07,5276.35,5271.11,5284.78,5243.37,1207774224.0
2025-08-08,5261.23,5258.78,5276.62,5246.07,1170814263.0
2025-08-11,5266.65,5310.51,5320.01,5266.65,1226655129.0
2025-08-12,5311.16,5328.4,5328.66,5295.2,1203244308.0
2025-08-13,5334.37,5382.35,5386.25,5334.37,1367370219.0
2025-08-14,5386.03,5336.83,5404.76,5327.82,1468056220.0
2025-08-15,5324.87,5412.02,5417.79,5324.87,1432880474.0
2025-08-18,5438.86,5486.57,5517.04,5426.38,1734370784.0
2025-08-19,5487.21,5483.45,5518.26,5468.22,1601754934.0
2025-08-20,5461.55,5536.44,5536.5,5441.16,1533793695.0
2025-08-21,5548.62,5529.21,5567.18,5505.53,1555435506.0
2025-08-22,5527.57,5620.43,5620.43,5527.57,1546474519.0
2025-08-25,5664.34,5722.08,5729.77,5652.39,1902442122.0
2025-08-26,5703.87,5715.79,5749.03,5685.94,1641386990.0
2025-08-27,5721.21,5615.16,5770.26,5615.16,1925212428.0
2025-08-28,5607.01,5703.55,5704.02,5548.47,1779703414.0
2025-08-29,5702.45,5723.95,5753.83,5684.97,1586925830.0
2025-09-01,5749.48,5769.45,5770.16,5718.09,1601948367.0
2025-09-02,5768.33,5684.0,5769.73,5639.77,1700168126.0
2025-09-03,5699.22,5615.64,5707.58,5590.05,1454866131.0
2025-09-04,5621.17,5502.11,5634.26,5437.35,1565733792.0
2025-09-05,5506.06,5642.59,5645.99,5482.64,1406722030.0
2025-09-08,5652.52,5681.23,5687.73,5626.4,1443471754.0
2025-09-09,5659.69,5629.75,5682.8,5603.42,1315203244.0
2025-09-10,5625.38,5641.21,5666.39,5598.76,1204948520.0
2025-09-11,5632.74,5769.36,5769.36,5605.67,1401705790.0
2025-09-12,5766.97,5759.29,5801.44,5748.6,1521179508.0
2025-09-15,5773.41,5764.16,5792.65,5758.65,1400859300.0
2025-09-16,5772.21,5790.93,5795.34,5724.6,1516202632.0
2025-09-17,5785.7,5829.84,5836.91,5773.78,1464806383.0
2025-09-18,5824.03,5766.72,5879.01,5707.2,1894146833.0
2025-09-19,5766.13,5749.1,5789.07,5729.45,1454911142.0
2025-09-22,5760.18,5778.26,5778.7,5726.73,1251805786.0
2025-09-23,5790.0,5742.37,5792.06,5649.03,1516945475.0
2025-09-24,5712.15,5821.91,5822.49,5705.24,1295472872.0
2025-09-25,5817.65,5831.15,5859.44,5812.94,1291586631.0
2025-09-26,5808.48,5760.9,5830.86,5760.9,1204732806.0
2025-09-29,5768.01,5840.45,5862.93,5747.68,1244090592.0
2025-09-30,5855.98,5875.46,5885.78,5849.26,1187291509.0
2025-10-09,5907.33,5952.85,5967.43,5892.7,1476297664.0
2025-10-10,5921.22,5855.65,5932.32,5837.84,1456163192.0
2025-10-13,5663.38,5833.96,5843.91,5663.38,1409994522.0
2025-10-14,5880.25,5741.33,5896.14,5719.03,1538608247.0
2025-10-15,5748.18,5826.49,5827.3,5714.87,1269940254.0
2025-10-16,5807.58,5800.59,5843.78,5782.0,1186382547.0
2025-10-17,5793.66,5652.46,5808.81,5647.36,1238307766.0
2025-10-20,5710.0,5697.16,5732.15,5669.44,1091282525.0
2025-10-21,5715.58,5788.83,5791.76,5704.98,1196483575.0
2025-10-22,5754.09,5764.93,5787.59,5741.08,1098008066.0
2025-10-23,5748.49,5772.78,5779.54,5690.74,1136699344.0
2025-10-24,5793.73,5842.57,5842.57,5793.73,1177523722.0
2025-10-27,5891.07,5913.07,5918.77,5869.07,1315646127.0
2025-10-28,5890.55,5893.14,5938.08,5872.25,1211236814.0
2025-10-29,5899.03,5961.19,5961.19,5892.68,1293240992.0
2025-10-30,5947.63,5898.9,5960.69,5893.59,1399412747.0
2025-10-31,5894.14,5866.65,5927.83,5866.46,1379171778.0
2025-11-03,5866.53,5888.68,5889.01,5809.49,1314360706.0
2025-11-04,5880.39,5827.93,5888.62,5794.04,1250611433.0
2025-11-05,5752.72,5847.93,5867.27,5752.35,1271713483.0
2025-11-06,5861.82,5918.75,5921.76,5861.82,1292671508.0
2025-11-07,5894.5,5903.58,5931.86,5881.18,1252212660.0
2025-11-10,5919.87,5926.66,5931.14,5886.45,1346953560.0
2025-11-11,5940.83,5895.64,5944.36,5888.7,1269227731.0
2025-11-12,5881.34,5871.63,5902.92,5832.2,1266887915.0
2025-11-13,5869.04,5948.0,5948.64,5868.77,1304751441.0
2025-11-14,5899.56,5872.13,5939.04,5872.13,1329413023.0
2025-11-17,5870.66,5864.13,5881.43,5839.44,1281682744.0
2025-11-18,5849.76,5809.6,5860.45,5786.45,1326405240.0
2025-11-19,5804.93,5793.29,5826.83,5766.2,1170825264.0
2025-11-20,5828.71,5755.79,5833.75,5751.97,1159700299.0
2025-11-21,5682.34,5575.48,5707.54,5575.47,1389004469.0
2025-11-24,5603.49,5608.69,5633.65,5557.2,1152167230.0
2025-11-25,5641.03,5676.33,5710.49,5636.84,1136573676.0
2025-11-26,5672.53,5690.08,5723.67,5666.45,1102274938.0
2025-11-27,5690.97,5690.01,5742.96,5684.39,1040897251.0
2025-11-28,5686.18,5732.77,5732.85,5670.14,1023265179.0
2025-12-01,5748.89,5787.18,5787.46,5743.64,1188228454.0
2025-12-02,5777.49,5750.4,5777.49,5736.51,1056456042.0
2025-12-03,5751.31,5710.58,5765.31,5696.77,1132571477.0
2025-12-04,5711.51,5711.8,5733.62,5673.46,1037186542.0
2025-12-05,5710.56,5776.83,5781.23,5687.15,1130172879.0
2025-12-08,5791.17,5835.55,5855.12,5791.17,1233935808.0
2025-12-09,5820.52,5802.85,5842.53,5791.24,1163257117.0
2025-12-10,5790.77,5809.35,5818.62,5756.59,1126112388.0
2025-12-11,5817.85,5745.07,5820.98,5742.91,1185704203.0
2025-12-12,5748.69,5787.86,5797.41,5730.77,1235977538.0
2025-12-15,5752.4,5751.55,5802.73,5750.35,1110231757.0
2025-12-16,5741.37,5668.2,5743.78,5646.04,1156609704.0
2025-12-17,5667.5,5756.23,5769.02,5653.6,1146335242.0
2025-12-18,5723.24,5733.55,5771.85,5721.75,1032158958.0
2025-12-19,5747.6,5777.54,5793.83,5740.64,1151984318.0
2025-12-22,5801.51,5835.54,5844.7,5801.51,1154747411.0
2025-12-23,5837.94,5831.47,5863.45,5812.98,1175422898.0
2025-12-24,5831.55,5883.66,5889.03,5823.36,1092504187.0
2025-12-25,5879.86,5918.57,5927.77,5873.92,1109099151.0
2025-12-26,5919.28,5938.29,5962.55,5901.67,1272628317.0
2025-12-29,5939.58,5921.12,5956.16,5906.28,1255642224.0
2025-12-30,5892.2,5928.96,5952.74,5891.75,1218220642.0
2025-12-31,5937.82,5919.12,5940.05,5904.61,1182424346.0
