date,star_annual,star_low_annual,star_high_annual,status_annual,star_selected,star_low_selected,star_high_selected,status_selected,source_priority
2025-01-24,5.2,5.2,5.2,exact,5.1,5.1,5.1,exact,direct_article_evidence
2025-01-27,5.3,5.3,5.3,exact,5.2,5.2,5.2,exact,direct_article_evidence
2025-02-05,5.2,5.2,5.2,exact,5.1,5.1,5.1,exact,direct_article_evidence
2025-02-11,4.9,4.9,4.9,exact,5.0,5.0,5.0,exact,direct_article_evidence
2025-02-12,4.9,4.9,4.9,exact,5.0,5.0,5.0,exact,direct_article_evidence
2025-02-13,4.9,4.9,4.9,exact,5.0,5.0,5.0,exact,direct_article_evidence
2025-02-14,4.9,4.9,4.9,exact,5.0,5.0,5.0,exact,direct_article_evidence
2025-02-18,4.9,4.9,4.9,exact,5.0,5.0,5.0,exact,direct_article_evidence
2025-02-21,4.8,4.8,4.8,exact,4.9,4.9,4.9,exact,direct_article_evidence
2025-02-24,4.8,4.8,4.8,exact,4.9,4.9,4.9,exact,direct_article_evidence
2025-02-25,4.8,4.8,4.8,exact,4.9,4.9,4.9,exact,direct_article_evidence
2025-02-26,4.8,4.8,4.8,exact,4.9,4.9,4.9,exact,direct_article_evidence
2025-02-27,4.8,4.8,4.8,exact,4.9,4.9,4.9,exact,direct_article_evidence
2025-02-28,4.8,4.8,4.8,exact,5.0,5.0,5.0,exact,direct_article_evidence
2025-03-03,4.8,4.8,4.8,exact,5.0,5.0,5.0,exact,direct_article_evidence
2025-03-04,4.8,4.8,4.8,exact,4.9,4.9,4.9,exact,direct_article_evidence
2025-03-05,4.8,4.8,4.8,exact,4.9,4.9,4.9,exact,direct_article_evidence
2025-03-13,4.8,4.8,4.8,exact,4.9,4.9,4.9,exact,direct_article_evidence
2025-03-21,4.8,4.8,4.8,exact,4.9,4.9,4.9,exact,direct_article_evidence
2025-03-24,4.8,4.8,4.8,exact,4.9,4.9,4.9,exact,direct_article_evidence
2025-03-25,4.8,4.8,4.8,exact,4.9,4.9,4.9,exact,direct_article_evidence
2025-03-26,4.8,4.8,4.8,exact,4.9,4.9,4.9,exact,direct_article_evidence
2025-03-27,4.8,4.8,4.8,exact,4.9,4.9,4.9,exact,direct_article_evidence
2025-03-28,4.9,4.9,4.9,exact,,4.9,5.0,range,direct_article_interval_or_threshold
2025-04-09,5.2,5.2,5.2,exact,5.3,5.3,5.3,exact,direct_article_evidence
2025-04-10,5.1,5.1,5.1,exact,5.2,5.2,5.2,exact,direct_article_evidence
2025-04-11,5.1,5.1,5.1,exact,5.2,5.2,5.2,exact,direct_article_evidence
2025-04-16,5.1,5.1,5.1,exact,5.2,5.2,5.2,exact,direct_article_evidence
2025-04-17,5.1,5.1,5.1,exact,,5.1,5.2,range,direct_article_interval_or_threshold
2025-04-18,5.1,5.1,5.1,exact,5.2,5.2,5.2,exact,direct_article_evidence
2025-04-21,5.0,5.0,5.0,exact,5.1,5.1,5.1,exact,direct_article_evidence
2025-04-22,5.0,5.0,5.0,exact,5.1,5.1,5.1,exact,direct_article_evidence
2025-04-23,5.0,5.0,5.0,exact,5.1,5.1,5.1,exact,direct_article_evidence
2025-04-24,5.0,5.0,5.0,exact,5.1,5.1,5.1,exact,direct_article_evidence
2025-04-25,5.0,5.0,5.0,exact,5.1,5.1,5.1,exact,direct_article_evidence
2025-04-28,5.0,5.0,5.0,exact,5.1,5.1,5.1,exact,direct_article_evidence
2025-04-29,5.0,5.0,5.0,exact,5.1,5.1,5.1,exact,direct_article_evidence
2025-05-06,5.0,5.0,5.0,exact,5.1,5.1,5.1,exact,direct_article_evidence
2025-05-09,4.9,4.9,4.9,exact,5.0,5.0,5.0,exact,direct_article_evidence
2025-05-12,4.9,4.9,4.9,exact,5.0,5.0,5.0,exact,direct_article_evidence
2025-05-13,4.9,4.9,4.9,exact,5.0,5.0,5.0,exact,direct_article_evidence
2025-05-15,4.9,4.9,4.9,exact,5.0,5.0,5.0,exact,direct_article_evidence
2025-05-16,4.9,4.9,4.9,exact,5.0,5.0,5.0,exact,direct_article_evidence
2025-05-19,4.9,4.9,4.9,exact,5.0,5.0,5.0,exact,direct_article_evidence
2025-05-20,4.9,4.9,4.9,exact,5.0,5.0,5.0,exact,direct_article_evidence
2025-05-21,4.9,4.9,4.9,exact,5.0,5.0,5.0,exact,direct_article_evidence
2025-05-22,4.9,4.9,4.9,exact,5.0,5.0,5.0,exact,direct_article_evidence
2025-05-23,4.9,4.9,4.9,exact,5.0,5.0,5.0,exact,direct_article_evidence
2025-05-26,4.9,4.9,4.9,exact,5.0,5.0,5.0,exact,direct_article_evidence
2025-05-27,4.9,4.9,4.9,exact,5.0,5.0,5.0,exact,direct_article_evidence
2025-05-28,4.9,4.9,4.9,exact,,5.0,5.1,range,direct_article_interval_or_threshold
2025-05-29,4.9,4.9,4.9,exact,5.0,5.0,5.0,exact,direct_article_evidence
2025-05-30,4.9,4.9,4.9,exact,5.0,5.0,5.0,exact,direct_article_evidence
2025-06-03,4.9,4.9,4.9,exact,5.0,5.0,5.0,exact,direct_article_evidence
2025-06-04,4.9,4.9,4.9,exact,5.0,5.0,5.0,exact,direct_article_evidence
2025-06-05,4.9,4.9,4.9,exact,5.0,5.0,5.0,exact,direct_article_evidence
2025-06-06,4.9,4.9,4.9,exact,5.0,5.0,5.0,exact,direct_article_evidence
2025-06-09,4.9,4.9,4.9,exact,5.0,5.0,5.0,exact,direct_article_evidence
2025-06-10,4.9,4.9,4.9,exact,5.0,5.0,5.0,exact,direct_article_evidence
2025-06-12,5.0,5.0,5.0,derived,,,,threshold,direct_article_interval_or_threshold
2025-06-20,5.0,5.0,5.0,exact,,5.0,5.1,range,direct_article_interval_or_threshold
2025-06-24,4.9,4.9,4.9,exact,5.0,5.0,5.0,exact,direct_article_evidence
2025-07-08,4.9,4.9,4.9,exact,4.8,4.8,4.8,exact,direct_article_evidence
2025-07-09,4.9,4.9,4.9,exact,4.8,4.8,4.8,exact,direct_article_evidence
2025-07-10,4.9,4.9,4.9,exact,4.8,4.8,4.8,exact,direct_article_evidence
2025-07-11,4.9,4.9,4.9,exact,4.8,4.8,4.8,exact,direct_article_evidence
2025-07-14,4.9,4.9,4.9,exact,4.8,4.8,4.8,exact,direct_article_evidence
2025-07-15,4.9,4.9,4.9,exact,4.8,4.8,4.8,exact,direct_article_evidence
2025-07-21,4.8,4.8,4.8,exact,4.7,4.7,4.7,exact,direct_article_evidence
2025-07-30,4.6,4.6,4.6,exact,4.7,4.7,4.7,exact,direct_article_evidence
2025-07-31,4.6,4.6,4.6,exact,4.7,4.7,4.7,exact,direct_article_evidence
2025-08-13,4.6,4.6,4.6,exact,4.5,4.5,4.5,exact,direct_article_evidence
2025-08-15,4.6,4.6,4.6,exact,4.5,4.5,4.5,exact,direct_article_evidence
2025-08-20,4.5,4.5,4.5,exact,4.4,4.4,4.4,exact,direct_article_evidence
2025-08-21,4.5,4.5,4.5,exact,4.4,4.4,4.4,exact,direct_article_evidence
2025-08-22,4.5,4.5,4.5,exact,4.3,4.3,4.3,exact,direct_article_evidence
2025-08-25,4.5,4.5,4.5,exact,4.3,4.3,4.3,exact,direct_article_evidence
2025-08-27,4.4,4.4,4.4,exact,4.3,4.3,4.3,exact,direct_article_evidence
2025-08-28,4.4,4.4,4.4,exact,4.3,4.3,4.3,exact,direct_article_evidence
2025-08-29,4.4,4.4,4.4,exact,4.3,4.3,4.3,exact,direct_article_evidence
2025-09-01,4.4,4.4,4.4,exact,4.2,4.2,4.2,exact,direct_article_evidence
