date,official_equity_bond_ratio,source_title,source_file_id,evidence
2024-10-10,2.59,螺丝钉股市牛熊信号板来啦反弹后还在低估吗2024年10月份,1Bo_3Y2M7ezC3AQ1pHXewnzE5UmSGKfS6,股债性价比指标，目前在2.59
2024-11-07,2.52,螺丝钉股市牛熊信号板来啦当前还在低估吗2024年11月份,1g5yoYqdWV4kX-jma85usV3FP7fgGOYt2,股债性价比指标，目前在2.52
2024-12-11,2.92,螺丝钉股市牛熊信号板来啦当前还在低估吗2024年12月份,1lHqhLloaoxxjhabC7EgTck_j9kWv-7B2,股债性价比指标，目前在2.92
2025-01-08,3.56,螺丝钉股市牛熊信号板来啦当前还在低估吗2025年1月份,152v5ejtUAFjS4hmKQcpI-N09qBEE62xU,股债性价比指标，目前在3.56
2025-02-10,3.37,螺丝钉股市牛熊信号板来啦当前还在低估吗2025年2月份,1GBd1T_ziy0cxvDQgZKhIR8Y0Wrm9dajq,股债性价比指标，目前在3.37
2025-03-05,3.18,螺丝钉股市牛熊信号板来啦当前还在低估吗2025年3月份,1_x4h1Fs-DrnzL4SXqoxl2GPloXmVJsgm,股债性价比指标，目前在3.18
2025-04-03,3.09,螺丝钉股市牛熊信号板来啦当前还在低估吗2025年4月份,1zK7StxCWF9UGJV2gLcEhu7ibq4CtUe7h,股债性价比指标，目前在3.09
2025-05-07,3.34,螺丝钉股市牛熊信号板来啦当前还在低估吗2025年5月份,1scZcI5GjAdXlB2wrXf3_irxIUzOBPDHc,股债性价比指标，目前在3.34
2025-06-04,3.24,螺丝钉股市牛熊信号板来啦当前还在低估吗2025年6月份,1SXN8g3-BET4o9FAjPk4A-dIthm-g1XL3,股债性价比指标，目前在3.24
