date,open,cp,high,low,volume,amount,pct_change,source,source_code
2026-08-31,5868.3,5969.33,5969.33,5866.94,1188023051.0,2064024598395.0,0.58,eastmoney_public_kline,000985.SH
2026-09-01,5965.49,5939.14,5976.3,5925.89,1216099269.0,1980796242116.0,-0.51,eastmoney_public_kline,000985.SH
2026-09-02,5892.02,5860.85,5893.18,5834.49,1090649672.0,1748912356874.0,-1.32,eastmoney_public_kline,000985.SH
2026-09-03,5892.56,5867.18,5907.03,5833.87,1042345380.0,1714589542347.0,0.11,eastmoney_public_kline,000985.SH
2026-09-04,5900.7,5830.14,5935.85,5801.78,1176500356.0,1982985878999.0,-0.63,eastmoney_public_kline,000985.SH
2026-09-07,5855.95,5893.09,5906.56,5842.01,1024920731.0,1884204474026.0,1.08,eastmoney_public_kline,000985.SH
2026-09-08,5898.79,5894.74,5928.77,5872.03,1131498740.0,1905933609598.0,0.03,eastmoney_public_kline,000985.SH
2026-09-09,5912.52,5899.03,5917.24,5865.55,1080651122.0,1804590905123.0,0.07,eastmoney_public_kline,000985.SH
2026-09-10,5869.76,5851.83,5886.27,5843.62,1003639740.0,1598296595941.0,-0.8,eastmoney_public_kline,000985.SH
2026-09-11,5798.48,5769.02,5798.48,5689.66,1166630286.0,1908357533132.0,-1.42,eastmoney_public_kline,000985.SH
2026-09-14,5724.53,5761.88,5789.98,5715.63,924129506.0,1574569632654.0,-0.12,eastmoney_public_kline,000985.SH
2026-09-15,5751.89,5723.69,5789.48,5716.5,925759460.0,1556380026933.0,-0.66,eastmoney_public_kline,000985.SH
2026-09-16,5721.21,5797.55,5803.21,5695.73,952100268.0,1778008094848.0,1.29,eastmoney_public_kline,000985.SH
2026-09-17,5775.98,5778.35,5823.74,5758.86,969483223.0,1755224227512.0,-0.33,eastmoney_public_kline,000985.SH
2026-09-18,5825.75,5862.03,5876.83,5815.79,1037566753.0,1988310660708.0,1.45,eastmoney_public_kline,000985.SH
2026-09-21,5884.97,5921.92,5922.82,5884.97,1087684327.0,1950080245206.0,1.02,eastmoney_public_kline,000985.SH
2026-09-22,5961.28,5923.5,5973.79,5908.87,1107197075.0,2055062294202.0,0.03,eastmoney_public_kline,000985.SH
2026-09-23,5927.03,5897.66,5927.03,5892.4,1008677092.0,1701401216949.0,-0.44,eastmoney_public_kline,000985.SH
2026-09-24,5874.79,5788.14,5879.26,5788.14,929164392.0,1595766003676.0,-1.86,eastmoney_public_kline,000985.SH
2026-09-28,5771.28,5630.2,5771.78,5603.81,952975991.0,1642460599288.0,-2.73,eastmoney_public_kline,000985.SH
2026-09-29,5617.52,5650.25,5672.28,5615.38,848274424.0,1355645406485.0,0.36,eastmoney_public_kline,000985.SH
2026-09-30,5671.11,5648.25,5676.44,5636.79,872921924.0,1381583055927.0,-0.04,eastmoney_public_kline,000985.SH
2026-10-08,5648.39,5560.01,5687.37,5528.33,974518436.0,1614501232447.0,-1.56,eastmoney_public_kline,000985.SH
2026-10-09,5539.33,5570.32,5585.56,5423.32,1126678098.0,1837300989314.0,0.19,eastmoney_public_kline,000985.SH
