date,star_low,star_high,target_mid,status,evidence,source_file_id,notes
2021-01-12,3.0,3.0,3.0,exact,A股也再次达到了3星级,1NIXxHrAQeZ7b8Pnlvz00JQPnczlpm6S4,
2021-01-26,3.0,3.0,3.0,exact,A股处于3星级,1PqPpY_l7NmgfWWR1Uyg7dMR0MOn9O76V,
2021-03-09,4.0,4.0,4.0,exact,A股时隔8个月再次回到了4星级,155dwxBUONXzTUxjq63-NMNpkQZek7wPA,
2021-03-16,3.5,4.0,3.75,range,今天收盘大盘正好在4星级和3.5星级的边界上,1nxlk7fdS9KVRZBDIRuSqu-GwSm_b7Yju,coarse publication boundary
2021-03-23,4.0,4.0,4.0,exact,A股大跌回到4星级,1S2aI2HyPPtOFSUcu51RoB2f30t3JWX4w,
2021-04-07,4.0,4.0,4.0,exact,大盘也重新回到4星级,1s-Oy0zQPcLafhhkdB8t5EEZ8Mk9DJmSm,
2021-04-09,4.0,4.0,4.0,exact,今天下跌后大盘又回到了4星级,1ST8WCf1QK7rHK60Gedk5sHiuxCQNg6oB,
2021-04-12,4.0,4.0,4.0,exact,今天A股整体下跌大盘也在4星级,1tX2-VtZdoPQWdsXzSDYekOJN28CF7q6L,
2021-04-13,4.0,4.0,4.0,exact,还是在4星级,18GlX3K64DFXS9dZtzSTSW8CDwT1p2dgg,
2021-04-20,3.5,3.5,3.5,exact,今天微跌后还在3.5星级,1_6DDpoSS3M_8JIJovqk30Acc8fdcC0k6,
2021-04-22,3.5,3.5,3.5,exact,今天市场微跌还是在3.5星级,12yCZvn1ReieGf48kbDSrt1TMJqMGO2TF,
2021-09-01,3.5,3.5,3.5,exact,今天市场整体波动不大还是在3.5星级,1c-34J6peisWeS8o1eetFji2AXwnL8vOL,
2021-09-02,3.5,3.5,3.5,exact,今天市场整体波动不大还是在3.5星级,1C95OzGNYQHBcOZ_AuViT2NxjqdTGK5ye,
2021-09-03,3.5,3.5,3.5,exact,今天市场整体下跌目前还是处于3.5星级,1XoDEI95ncCOdZSxJ_c_YImBlZUGQRBSu,
2021-09-06,3.5,3.5,3.5,exact,上涨后还是在3.5星级,1EBQCuxruEgRhxwMBn-e5GH1i7d2f6XFD,
2021-09-07,3.5,3.5,3.5,exact,今天市场整体上涨目前还是在3.5星级,1WBfhnJ1kW3t4awmbIvqMwceu_0JYrqe7,
2021-09-14,3.5,3.5,3.5,exact,今天市场整体下跌目前还是在3.5星级阶段,1QAslo-sysILt5c9ZKFig4CH9YWcDLKRf,
2021-09-16,3.5,3.5,3.5,exact,今天市场出现波动目前还是3.5星级,1TOlooub1NRUualkPgbwKj3qFHLTKNrSl,
2021-09-24,3.5,3.5,3.5,exact,今天市场整体波动不大目前还是在3.5星级,1tbpKHTxf4eFa7m_tkHQB13ikDW0k-hXl,article also says fine position about 3.9 star
2021-10-12,4.0,4.0,4.0,exact,今天市场出现一些波动目前还是在4星级,1G-NvDUNpQyLsRuE8by0O2e96FLekcho7,
2021-11-02,4.0,4.0,4.0,exact,今天市场波动比较大目前还是在4星级的位置,1TEMbgY-P8GOhXddRJXYKJebC1mlZMM6e,
2021-11-11,4.0,4.0,4.0,exact,上涨之后大盘还是在4星级,1pSlYIDzTCotrQ35ucehWwrbCvm8Mu1uu,
2021-11-17,3.5,3.5,3.5,exact,今天大盘整体微涨回到了3.5星级,17_Mb4pS0hjcGFVIcJaUyxBf1QFTeV4lt,
2021-11-23,3.5,3.5,3.5,exact,今天大盘整体波动不大还是在3.5星级,1em4rFvTARb7RfD9LF6-Ram0QNLfhqas9,
