date,star,status,evidence,source,source_url,issue,notes
2026-09-01,4.1,exact,今天大盘整体微跌，还在4.1星,银行螺丝钉公开同步帖,https://www.sina.cn/media/5546795997,2966,
2026-09-02,4.1,exact,截止到收盘，还在4.1星，距离4.2星很接近,银行螺丝钉公开同步帖,https://www.sina.cn/media/5546795997,2967,
2026-09-03,4.1,exact,今天大盘整体微涨，波动不大，还在4.1星,银行螺丝钉公开同步帖,https://www.sina.cn/media/5546795997,2968,
2026-09-04,4.2,exact,截止到收盘，回到4.2星,银行螺丝钉公开同步帖,https://www.sina.cn/news/detail/5339542525580068.html,2969,
2026-09-07,4.1,exact,截止到收盘，回到4.1星,银行螺丝钉公开同步帖,https://www.sina.cn/media/5546795997,2970,
2026-09-08,4.1,exact,今天大盘微涨微跌，波动不大，还在4.1星,银行螺丝钉公开同步帖,https://www.sina.cn/media/5546795997,2971,
2026-09-09,4.1,exact,今天大盘微涨微跌，波动不大，还在4.1星,银行螺丝钉公开同步帖,https://www.sina.cn/media/5546795997,2972,
2026-09-10,4.2,exact,截止到收盘，回到4.2星,银行螺丝钉公开同步帖,https://www.sina.cn/media/5546795997,2973,
2026-09-11,4.2,exact,到收盘跌幅缩小，在4.2星,银行螺丝钉公开同步帖,https://www.sina.cn/media/5546795997,2974,
2026-09-14,4.2,exact,今天大盘略微下跌，波动不大，还在4.2星,银行螺丝钉公开同步帖,https://www.sina.cn/media/5546795997,2975,
2026-09-15,4.3,exact,截止到收盘，回到4.3星,银行螺丝钉公开同步帖,https://www.sina.cn/media/5546795997,2976,
2026-09-16,4.2,exact,截止到收盘，回到4.2星,银行螺丝钉公开同步帖,https://www.sina.cn/media/5546795997,2977,
2026-09-17,4.2,exact,截止到收盘，还在4.2星,银行螺丝钉公开同步帖,https://www.sina.cn/media/5546795997,2978,
2026-09-18,4.1,exact,截止到收盘，回到4.1星,银行螺丝钉公开同步帖,https://www.sina.cn/media/5546795997,2979,
2026-09-21,4.1,exact,截止到收盘，还在4.1星,银行螺丝钉公开同步帖,https://www.sina.cn/media/5546795997,2980,
2026-09-22,4.1,exact,全天下来微涨微跌，波动不大，还在4.1星,银行螺丝钉公开同步帖,https://www.sina.cn/media/5546795997,2981,
2026-09-23,4.1,exact,今天大盘微跌，截止到收盘，还在4.1星,银行螺丝钉公开同步帖,https://www.sina.cn/news/detail/5346426534233184.html,2982,
2026-09-24,4.2,exact,今天大盘整体下跌，截止到收盘，回到4.2星,银行螺丝钉公开同步帖,https://www.sina.cn/media/5546795997,2983,
2026-09-28,4.3,exact,截止到收盘，回到4.3星，距离4.4星不远,银行螺丝钉公开同步帖,https://www.sina.cn/news/detail/5348240362836827.html,2984,
2026-09-29,4.3,exact,今天大盘略微上涨，波动不大，还在4.3星,银行螺丝钉公开同步帖,https://www.sina.cn/news/detail/5348600076308114.html,2985,
2026-09-30,4.3,exact,大盘微涨微跌，还在4.3星,银行螺丝钉公开同步帖,https://www.sina.cn/news/detail/5348963698086275.html,2986,节前最后一个交易日
2026-10-08,4.4,exact,到收盘，大盘回到4.4星,银行螺丝钉公开同步帖,https://www.xueqiu.com/3079173340/411580266,2988,国庆假期后首个交易日
2026-10-09,4.4,exact,截止到收盘，大盘微涨微跌，还在4.4星,银行螺丝钉公开同步帖,https://www.xueqiu.com/3079173340/411740306,2989,上午一度4.5星但最终收盘4.4星
